temperature,pressure,vibration,label
0.19992266710616036,0.8816320128630857,-0.3958688814909439,0
-0.08822045233743399,1.0202004639417408,0.2962144569863026,1
0.2162559840523058,0.9667045513058314,-0.48987440894564616,0
0.03912546056863829,0.934707648262481,-0.0791107821096913,0
0.06553430393556998,1.0110887347898523,0.1595125403566741,0
0.08822719062305028,0.8713556196645532,0.42508430150738274,1
0.12634894040472633,1.1914156681510257,-0.5088399460068566,0
0.1645467561064951,0.9682900419439538,0.42395867294707357,0
0.1667663447144192,0.8439943958191675,0.05157141115578939,0
0.10559943335846107,0.9394385923553424,-0.3632985309582315,0
0.275643937703145,1.0449032394179145,0.15132497966399944,0
0.19833871767201727,1.2041476495063268,-0.39468199488048794,0
0.3214085574322362,1.0714823120547308,-0.014136869314557031,0
0.2909827179969192,1.0490563657272347,0.4482961013985326,0
0.3046380823782137,1.083208242455372,-0.13438459378764253,1
0.15729223227592953,1.0306176847174238,-0.24359531400046974,0
0.2654662505756671,1.034185049473957,-0.30660589211002354,0
0.26611229451477597,0.879999848129549,0.32175333926457056,0
0.35097891165863154,0.8599878507259849,-0.14193929643365982,0
0.44881862599310596,1.0727700003854037,0.400838936272017,1
0.2593238905380305,0.8673296198063576,0.03338945224654124,0
0.42871258897673464,0.9961845826349114,-0.5719480645739874,0
0.424091130259959,0.9917541567586864,-0.25650130983124086,1
0.5298645908520759,0.758716187101107,-0.278871891170483,0
0.6351593289425055,1.0810851938494341,-0.2574253796266735,0
0.45957207464344957,0.8724477062882081,0.03852558415177782,0
0.4231274174985207,1.0403403354066119,-0.3278640206396209,0
0.6077059691328676,0.8153773155776697,0.02294329918566715,0
0.5297462330628914,1.1546142520140787,0.3502390009065295,0
0.6323877294559508,0.9177368467246889,-0.2046770452057826,0
0.6294362396800045,0.7263644770147708,-0.23312023143654828,0
0.5399731831032641,0.9482293115595509,0.09454585632750523,0
0.6371834960694315,0.7640023552698934,0.04329348080869496,0
0.6188442419300654,1.1040798359697974,0.03474762213210139,0
0.7066425993317653,0.9251589317721236,-0.39876317716209,0
0.6739792775989488,1.0334677547995437,0.18182390433668888,0
0.718529629647635,0.9520043213143667,0.1310676436463394,0
0.7361997703066842,0.9608794606051112,-0.09515970351996668,0
0.80364936351896,0.8658859706118144,-0.0974893074148071,0
0.7991278840373855,0.9635749013146075,0.2759177623927142,0
0.6781658652872704,0.9192267809931522,-0.39823743409178847,0
0.8653269269222948,0.8403005117505502,-0.43838035628036437,0
0.5993651750388702,0.923571959678122,-0.25148214887374437,1
0.7146870655528321,0.8165602547173689,0.17505749628117753,0
0.84493107476539,0.8971074425273452,-0.3065870862285701,0
0.855452098581109,0.892392066954479,-0.21778508971619442,0
0.8167336958996292,0.8182629991632251,0.05422577139394437,0
0.5770779487063548,0.806604935416878,-0.021943131404668942,0
0.8514875404121272,0.87357716618193,0.13281093480178272,1
0.8447635980014018,0.8201788058411505,0.21084562969250342,0
0.910283415471618,0.8509944550493295,-0.08578593087529446,0
0.7810947935750147,0.8281876929029578,-0.1343094406745911,0
0.8436514803612342,0.8892288890191098,-0.1286855604320761,0
0.7693560715535585,0.7135842872933039,0.1795934629233864,0
0.8041174033346953,0.8174105011043564,-0.03880707063434083,0
0.883963773014049,1.0405703351761484,0.06890000702159936,0
1.0535569442354782,0.7455126233042508,0.27795068636689957,0
0.9794034308676082,0.646139610253888,0.040221861802937665,1
0.793156314237667,0.8210102212059435,0.08477432992020813,0
1.1051502484249747,0.7669183307407013,0.11740005185746372,1
0.7939899473578163,0.8460785219461188,-0.35750245184906754,0
0.9923590396116146,0.7595025081529995,0.16997079289957295,0
0.7104994686265996,0.7810595673736599,0.18698829580590218,1
0.9473893617093657,0.6954010414015763,-0.05245604496247496,1
0.770515478763473,0.7703226096182872,0.0425613689654169,0
1.1029814967020413,0.6746474138210754,0.2640618153797388,1
0.8999058089051388,0.6819394920970298,0.5526942503428902,0
0.8318887540744713,0.4722924553259881,0.16145689909915698,0
1.142137475671254,0.5520335192321475,-0.45765719988623965,0
1.0470748843062403,0.6190810242080691,0.09272342674793599,0
0.9381156304124211,0.8396660622399061,-0.01404520438980618,0
0.9092172869689653,0.6236176898465504,0.42910200537648985,0
1.0219931099027633,0.6718578780242414,0.36056789352873014,1
1.043727670796246,0.47474252129002636,-0.1907423940483385,1
1.1534634816345235,0.7498646743525077,0.719529404211076,0
1.0280638982823929,0.5413802214546266,-0.8411629364300769,0
0.8493020950381811,0.460824004375352,0.48474255318884035,0
0.9611925655403237,0.6172808827799193,-0.6422502641442797,0
1.159911454707429,0.4624794444820344,-0.5863339758961594,0
0.943108230983973,0.5530181216607841,-0.34708560650467596,0
0.9675018696752554,0.46907961674110205,0.35323547049608867,0
1.0084438879089133,0.781079662509647,-0.19223618291596414,1
0.9801320063969867,0.4275137800130139,-0.06659351643021992,0
0.8512076608673798,0.5538015347991644,-0.05414032434551733,1
1.0681649776776536,0.48926963585008165,-0.21008551346574308,0
0.9895221465562931,0.4952839716505862,-0.2047810752932239,0
0.9053383105968168,0.480142888304181,-0.1493955242343718,0
1.0705521938178462,0.3495147204027084,-0.19576811941510544,0
0.9687449127116611,0.5797606189288842,0.029991586994558728,0
0.9956010754081069,0.5155997163790711,-0.1588185803484667,0
0.9111037360851306,0.4147210519004553,-0.05547603966939043,0
0.7773795377464692,0.37128065456043036,0.3740697844550993,1
1.0646833056078613,0.30842517502732925,0.14988395029715054,0
0.9423108415882869,0.32382335144749286,-0.3133831405342175,1
0.9261701847835295,0.5058523318540876,0.333369835659794,0
1.0050219103322013,0.408656669824399,-0.10704625743439772,1
1.027238896748361,0.24337336193243586,-0.23049949288152632,0
0.9761541000608931,0.35359293243853596,0.34378654712968276,1
0.9855856340426689,0.1725810536471191,0.11649366347832081,0
0.8253011514452634,0.4067071978653701,-0.2514257302784062,0
0.9359592968675041,0.442655373860917,-0.5051430343494623,0
0.9636435700539507,0.33380051527486115,0.22001289286466894,0
1.121413255714443,0.35495346596664257,0.12793855893732145,1
1.0133147909937152,0.2983495052777333,0.08660081159076759,0
1.0928370138020123,0.10469135469991156,-0.07669408084003483,0
0.89041603869545,0.3057986562828527,-0.11525315036744171,0
0.72280305847566,0.42092509047432736,0.053568446322792514,0
0.7176046571774068,0.20322533839632484,-0.2937956423584672,1
0.71677587826323,0.28206542985315464,-0.5083612134928723,1
0.8687828573674163,0.2700548315302352,-0.07170327682481094,0
0.6751378028085799,0.1847841070112549,-0.4960483673573781,0
0.9226210991719038,-0.013682472042404886,-0.2341004428567125,0
0.7358288066259261,0.21377474308201935,-0.02316992054735625,0
0.7154553992814402,0.38138697887270356,0.07519920608573508,0
0.8984502601578209,0.11863257496130512,0.25779956459527575,0
0.7597252300450911,0.06195352220060536,0.0468610320453079,0
0.6959930350886298,0.14790811766926346,-0.028255003934608173,0
0.5691501465347065,0.016074594681188922,0.2948382846690701,0
0.8933102495376377,0.23484070129214663,-0.07581256714494708,0
0.644265593815349,0.05759847967379973,0.834812551714865,0
0.694053498551849,0.11037552539591008,0.12312062010359803,0
0.6714953700181573,-0.01376119711631843,0.48166102122825116,0
0.6400381263782328,-0.10492906865187127,0.17914067129743855,0
0.6333734038825218,-0.044718653682429395,-0.38265247501760735,0
0.5831756928680032,0.08621015737138246,-0.6738593581334108,0
0.7152801584302566,0.0792904744257433,-0.11088680099166581,0
0.5262596823390504,-0.1650857511055787,-0.19494702111208814,0
0.6181213681394141,-0.15507490904241444,0.3346411543021672,0
0.6368269089476007,-0.06684133398346666,-0.2451323140707233,0
0.6970271708978723,-0.03209064555266549,0.09511016588158155,0
0.5278381369742049,-0.0012090820022407842,-0.18943027463430437,0
0.5941408032512892,-0.14719653341745953,-0.33161444389044054,1
0.48581818941769683,0.07720230415501912,0.036289422866389344,1
0.5351146069480337,-0.08374240227075305,-0.07643669485676086,0
0.39314021066360705,-0.2126772673342785,0.3118745150932232,0
0.5174049636705096,-0.08412225865124229,0.2572524282568291,0
0.20666111077978155,0.06207688092731797,0.09726586019493337,0
0.41770977230999684,-0.09896392002818469,-0.30007901028076217,0
0.39196458437398596,-0.3192267847808077,-0.19725533817380542,0
0.26750824442198756,-0.12580217848672218,-0.0152842827636206,0
0.24347261845837276,0.020740751122450468,0.2638610410919723,1
0.20473358164345756,-0.17799947780505973,0.09365031644713329,0
0.4326412628120505,-0.1861893887199225,-0.32025304460680476,1
0.2506969745949565,-0.23541754959370104,-0.15074114355919963,0
0.13698747117497218,-0.35255895462808184,-0.08231487581902677,1
0.24595219159449386,-0.22955821376980529,0.37841051792127695,0
0.22118042286540504,-0.22985334638880334,-0.036866475772042176,0
0.2667876862772586,-0.3079456278076538,0.39148820216487484,1
0.1281057466406055,-0.20235744498110037,0.10776964641653224,0
0.19293264959884127,-0.3380560116146696,0.06294837405770619,0
0.1707171176806115,-0.3612365990789108,-0.6951598216591485,0
0.12458991122854286,-0.2279670143202145,-0.009239577557375022,0
0.07619137502292794,-0.3328455295522523,0.005922459778770631,0
0.19560714801756418,-0.2605366663782897,-0.3828834871172114,1
0.20015126127082816,-0.4554909604335741,0.19358146371192753,0
-0.11525626338133622,-0.26358248486012203,-0.2740269292944817,0
0.11029857009137406,-0.6483321012379808,0.22027915831407888,0
-0.021377141069799908,-0.3411168783235886,0.003937905989358578,0
0.16827123082637813,-0.7232739019041098,0.1322999421822459,0
-0.09995303179376566,-0.42462521435907286,0.5149905932877613,0
-0.012457740961051164,-0.4431023718680165,0.20739171702488093,1
-0.11894242645332777,-0.45463048025928665,-0.01667932666254277,0
-0.15894685746697243,-0.4473774211212885,0.28592589100924976,1
-0.22694888732962804,-0.5222093421739398,0.24186760529387383,0
-0.07340380816176796,-0.3589007797740532,-0.2309861951995881,0
-0.3499206412480767,-0.5212875393308235,-0.013471560914081419,0
-0.10923860580228238,-0.663863591459373,0.6135032790749995,0
-0.24687060065450697,-0.5978001297317739,0.15301234117007917,0
-0.024820513419435614,-0.3835855032400948,-0.07053182848099321,0
-0.38744487964674756,-0.6288513466820878,-0.21973024023703663,1
-0.14461641825846594,-0.557446099487973,-0.5905327833591609,0
-0.13646987103949312,-0.5978493966740992,-0.6743262774531479,1
-0.3352175732640108,-0.4441875300357938,0.012238476722397501,0
-0.3785910868186149,-0.45025940549174703,-0.09613306424792982,0
-0.36725206761103435,-0.7011079377658956,0.3969109545055152,0
-0.5077861714601613,-0.505368360937972,0.18499730032296743,0
-0.37296172645411163,-0.607722364291495,-0.5099704186246066,0
-0.42006130827680666,-0.5725314486606292,-0.0019636440625162466,1
-0.41692409397580404,-0.495256711388386,0.2178818177467946,0
-0.4037679384816635,-0.4613474978895328,-0.1539749219147586,0
-0.41745440577347204,-0.5148212466865438,-0.22297751326051102,1
-0.49196165809067516,-0.5609816977711479,0.12062524665963162,0
-0.5108562077246118,-0.5446548216147877,0.07699629321830403,0
-0.4125985135732638,-0.7666013189724098,-0.2563097636352157,0
-0.5496740864352938,-0.7165889892049575,0.11093004689466913,0
-0.5312853664722504,-0.6528470065979234,0.07585476074048876,0
-0.4981948818507345,-0.6876927693479984,-0.1750009884798502,0
-0.5753288266466592,-0.6114322848042508,-0.4298700289338404,0
-0.7766872947168093,-0.5264121618366862,0.22770570914431532,0
-0.5812758380304958,-0.6878200408408554,-0.2609858791173929,0
-0.7033550958682965,-0.6407719380666398,-0.14949455503736558,0
-0.5054052346877904,-0.8319384505106843,-0.08159869438486118,0
-0.5715808783914692,-0.8869376752976569,-0.1533740343903236,0
-0.657485425514735,-0.7105910793183886,0.222902045318767,1
-0.733058854696138,-0.8353626205646061,-0.2177928837131307,0
-0.7036831158456124,-0.8188227315954452,0.24423071801767915,0
-0.8923111388827732,-0.7225475237970668,-0.1311500840177408,0
-0.7659115275331283,-0.6777077531559508,0.380929053401033,0
-0.7238500252994565,-0.7888679892355407,-0.04488027245533433,0
-0.7028157736468053,-0.7765706056951398,0.35999427583768717,1
-0.6626948903420063,-0.679841796306395,-0.07548554575043735,1
-0.8747839509252618,-0.8354460858606396,-0.5012498459286571,0
-0.7654771180119508,-0.7692711941186124,0.49039522556872683,0
-0.828334405288633,-0.6840750918073423,0.37779959041353467,0
-0.8986547560327266,-0.6781998369477695,-0.1924723080526826,0
-0.8934125456729898,-0.8718816757311082,-0.11199746459420018,0
-0.9234658311303003,-0.6036877939138992,0.025604974792248332,1
-0.7937213397766542,-0.7824366349092472,0.07944812552525843,0
-0.7556162794169592,-0.6088717680542404,0.07528875885463525,0
-0.7485342521980319,-0.7809602023709309,0.3481361682991517,0
-0.9536040713069621,-0.866793766502461,-0.3583479641717958,0
-0.9765539021514323,-0.98061170234477,-0.011202823497750454,0
-0.934412840211207,-0.89878164054733,0.6215861158195861,0
-0.9019345211966795,-0.9216629914725002,-0.29915273502736095,0
-0.9010959336543858,-0.9069876015155843,-0.04559320898440562,0
-0.9208036518198047,-0.9028540372234896,-0.0500207307691527,0
-0.8000415854371123,-0.9777835087466327,0.3950154075558783,0
-1.0081594064512531,-0.8306849416709902,0.24023126908916664,0
-1.0105579313030117,-0.8907074162572028,0.37476943185595735,0
-0.8091421974145566,-1.0329261830037617,-0.5036924916613935,0
-0.9763706781097352,-0.9668448052713381,-0.061232728800002086,0
-1.1922130011466234,-0.8454479019136806,0.09987508327670917,0
-0.9755565924837198,-0.8953020280945048,-0.03621891409010771,0
-0.8475404788285642,-0.9329249839440052,-0.2066816948494672,0
-0.8786978720939115,-0.9782379598915929,-0.42867568555918967,0
-1.040066170305607,-0.9911059056646951,-0.15516347596901517,0
-0.8693769361787907,-0.8637485091575657,0.035979502262564675,0
-1.0452650651669488,-1.0122868317294775,-0.2288199927525065,0
-1.068906657407236,-0.8476034429412266,-0.05696151266443456,0
-0.7757851092445907,-0.9725168493544015,-0.04285934265214605,1
-1.0690725380476689,-1.0930813792670975,-0.006851013307572741,0
-1.0365250839739846,-0.9732901656280248,0.02065214463091389,0
-1.0223447473705192,-1.0902385102988963,-0.04002026383737672,1
-1.1049726406312996,-1.0137043149213985,0.7493143352020172,0
-1.1427737713968202,-0.9986561651966085,0.10802732937130821,0
-0.743758267166879,-1.06746351670455,-0.7310619615310394,0
-1.2240977778090816,-1.0940510045410583,-0.2460828884719728,1
-1.052810685197965,-0.9539726505725251,-0.10289931626364462,0
-0.8908387088737134,-1.030124366516412,-0.16798927082760992,0
-0.9459037080492745,-1.0613525776003376,0.24051886136991218,0
-0.8830291266554207,-1.1703513427820786,-0.035663380953616895,0
-1.011931430820517,-1.1816358270461393,0.02449729441056445,0
-0.9869475132166075,-0.9768561072935759,-0.1637520513767371,0
-1.1940380016254568,-0.9353503481249784,0.3784419187890007,0
-0.9132814962468857,-0.9928725858314033,-0.22916761322109924,0
-0.9861363123850783,-1.1775599907367003,-0.3087273882859621,0
-1.1034006412130766,-1.0982064147855357,-0.3912734436025682,0
-0.7522058966521764,-0.8257954935182046,0.23704344463884966,1
-0.7359384300121912,-1.0001176231361069,-0.06281393869136692,0
-0.8463031782086494,-0.9164262051572727,0.05638200695869176,0
-1.02138415631925,-1.159513675040162,0.07399037216649045,0
-0.8984209591095293,-0.9258998612877883,0.12395434198407043,1
-0.7302555398750132,-0.9147827296409137,0.012950583518078469,0
-0.9186151405272474,-1.1397406294102954,0.5423391034108571,0
-0.9623291493450232,-0.8523715836350686,0.1018793559643773,0
-0.768540123228051,-0.9767651145331437,0.21636286824284368,0
-1.0162820311141236,-0.9697875389717575,0.11177328802030287,1
-0.9568692705329782,-0.8571181385574511,0.17641522126727155,0
-0.9188104477102526,-1.0024278585082382,0.01015652584328983,0
-0.7817557969970272,-0.8405648262986187,-0.06869094267928295,0
-0.9407802576240485,-1.0001610047838314,0.032270565681748825,0
-0.9053446796739253,-0.9608546254444881,0.27176278382128277,0
-0.7475804928194373,-0.9546446397857976,0.6213190737732244,1
-0.700967750771627,-1.0021410746200292,0.06791456709110082,0
-0.9086255847706856,-1.0933014859845456,-0.3388649668788746,1
-0.8008543295061903,-0.9811267653816906,-0.1987813104860457,0
-0.7487427965979314,-0.8859444814142865,0.09676107953769023,0
-0.8410727935123254,-0.9650345872999161,0.35955879208376934,0
-0.8878368021456442,-1.0296490246557854,-0.6575537415103004,0
-0.8200070762073244,-0.9623154125213365,0.14894712809476363,1
-0.9322562611803604,-0.9784910065490223,0.08880278923270328,0
-0.8389845645026744,-0.9384358228788582,-0.29625263795426154,0
-0.9156743514560248,-1.125200921114404,0.13461643404100254,0
-0.8468008687007562,-0.8878868464553524,0.3832414502017068,0
-0.7267694843622899,-0.9151519534022113,0.018876593715319682,0
-0.6370594229119734,-0.9125152731973012,0.4095123864009374,0
-0.7236638808947458,-0.9460317379740797,-0.40576934414801985,0
-0.8753913807511197,-0.8236782648689518,-0.47952671001083347,0
-0.7350172827957558,-1.0190237845490029,-0.31228298701686397,1
-0.7405735725711821,-0.9506507911474579,0.016031016270241217,0
-0.5407816095263646,-0.8556261330602951,0.3058613356945944,0
-0.622370474458227,-1.0151704269685682,-0.09379513157201529,0
-0.5182381838249401,-0.8446253432340861,0.2834678908613026,1
-0.6107738028369882,-1.0401713327323419,0.2006943917517299,0
-0.4103346401652488,-1.008664676279334,-0.013996183436006011,0
-0.6866867164313086,-0.970029204872067,0.3877912630951831,0
-0.5443610427631755,-0.9384069832272777,-0.13395393299847777,0
-0.525762088592208,-0.7392565741682487,0.09225904932557322,0
-0.4408168083157397,-1.0032787582913665,0.13808334726533406,0
-0.384672973706568,-0.857153803337092,-0.12619728136630973,0
-0.4559008250702772,-0.7757710430634166,0.16908686903557305,0
-0.4428861546183711,-0.7911853245297191,0.04849651338402417,0
-0.25475853904075735,-0.9015481666948469,-0.3219405067908923,0
-0.47712589968816715,-0.7709912741000077,-0.3083356018879307,0
-0.29967547893240076,-0.8896803069825142,-0.24198044713128708,0
-0.3495294567494577,-0.7700109792944075,0.38453161762121785,0
-0.49997114811298937,-0.8374615328803475,0.014074110798711546,0
-0.48063271150405074,-0.7661183466138466,0.2082568832388721,0
-0.12713174592622187,-0.8381514722820577,0.84621677614112,0
-0.2340180742203007,-0.9549878765707128,0.44205438172688777,0
-0.11021631630794554,-0.8665832013239884,0.2060687456001352,0
-0.262973027280561,-0.6385112077904095,0.04350811788483975,1
-0.22147940361663382,-0.9852898574620551,0.13395157113848713,1
-0.2661456229774316,-0.948817879327791,0.2641951961340796,0
-0.21268491462112152,-0.8779866951630038,0.07046758443624243,0
-0.2205119773866462,-0.8393342907618253,0.6009399981465388,0
-0.0813344377395972,-0.8379674890430927,0.39292468729343893,0
-0.059893821847745415,-0.5726329577126136,0.1492161065791886,0
0.07780680051797863,-0.6008827069714815,0.026394631279567118,0
-0.1207960675423162,-0.7031826988533639,-0.06810355135562118,0
-0.007897156408046613,-0.7151484660035187,0.21218077064653598,1
-0.11370903353066499,-0.5183266327208673,0.7545702442833647,0
-0.05902169156862176,-0.6004223762447856,-0.04133074483031937,0
0.05673653192822623,-0.736148784769157,-0.08796739023080155,0
-0.06337816299998586,-0.7644221341609214,0.00685850340813348,0
0.04462949726780175,-0.7719737300741243,0.432640578154033,0
-0.055245710440237225,-0.623220260974199,0.16199336835120812,0
0.10553518640320451,-0.4980926797435803,0.45563146978928626,0
0.10062648454254776,-0.8240205298836016,-0.5486932073152122,0
0.05937795578800983,-0.6598786967536853,0.05291997593368541,0
0.19413723968768676,-0.5172674886561663,0.02448339523551048,0
0.14630498510878506,-0.7474532400247775,0.006797517645506417,0
0.18912181524472893,-0.6026622457710463,-0.0630398594331641,0
0.09594561960198203,-0.5037458541604775,-0.028361415842915436,1
0.1921782669725666,-0.4860146441397706,0.23906696235081276,0
0.18294204613893614,-0.654428600367874,-0.07213792285127509,1
0.28185574664365515,-0.715206652119362,0.24660872883619145,0
0.1967015205460335,-0.6189329586834419,0.23421240158305845,0
0.25818352506796155,-0.4711011392413331,0.006573233834081494,0
0.13304074539711797,-0.6361419633084513,0.1837003565798951,0
0.37881542606006774,-0.30656358193793876,-0.4079596650818013,1
0.34310705167045286,-0.43085650279753523,0.1995428222485055,0
0.268843764709413,-0.46275939315971565,-0.02536157072225761,0
0.4481820460594944,-0.5059110699851747,0.369550644543493,0
0.36021992612416875,-0.672849404617738,-0.14584755495814936,1
0.3646076246379266,-0.48612364439208233,-0.3214195881353418,0
0.3421997527546733,-0.5518341059830582,0.18297262519240898,0
0.39328571154417946,-0.44220761950692133,-0.2798526256643561,0
0.4316646998742742,-0.44988251610239827,-0.007844583998480857,0
0.4431090428647339,-0.3456054008827087,0.016209169019898197,1
0.30857433753086744,-0.48314518170039955,-0.0633290941165861,0
0.41655533724989746,-0.33122214690503804,-0.08299174589925794,1
0.6277035279795691,-0.29974508344286754,-0.1678774468410467,0
0.5550462076428141,-0.44758034901364435,0.013652073578907901,0
0.5754798009030881,-0.45418947709347746,0.09856255113865156,0
0.603217222589366,-0.17963149711455695,-0.6991888241218961,0
0.3574320693688718,-0.45215525968738957,-0.6302574742432694,0
0.7045438424650732,-0.33301407963648366,-0.1709621830544123,0
0.5336622924580382,-0.3511385783054863,-0.09070480969418834,0
0.5993180256062776,-0.3391784520334309,-0.13478560676867718,0
0.5204797111854227,-0.18868897835791398,0.21813050398480752,1
0.5934257685559788,-0.3559262020767118,0.15759609080707848,0
0.6893563344908419,-0.2670886089757686,-0.09139943450371159,0
0.5801325420123472,-0.4210673232633402,0.11898583436863813,1
0.6540966110782973,-0.4017859013215592,-0.04018910432560181,1
0.7200417205085421,-0.3630415647199066,0.2891018501571968,0
0.7196117904501897,-0.3578465388369613,0.5547595410802226,0
0.9336902223865441,0.023291253030648107,0.2611019881118451,0
1.0246240310837123,-0.32362027845026364,-0.1358726390125845,0
0.8907561612019561,-0.10915375473919782,-0.17024302898655527,1
0.7439448061080567,-0.10216424837130783,-0.24846992769946788,1
1.0195246012440444,-0.10251398923898633,0.6665248973080476,1
0.9684806253488369,-0.294109254640007,0.026381767518259113,0
0.9913708204414459,-0.30010901200867346,-0.6540269924998281,0
0.9588093180862989,-0.3634838852601683,-0.5310986460529533,0
0.9804724903542894,0.031870638914751726,-0.1817231059887234,0
0.773661932790253,0.0019334357331704521,-0.18420670277788,1
0.9840345141097834,-0.09261242756275817,0.2900959073863022,0
0.8413932112092163,0.09445166551069609,-0.16006597289622607,0
0.9612020696390314,-0.08417618644065636,-0.1354624625847687,0
0.9486972782631243,-0.11582632344143921,0.02233639731314199,0
0.752644340453309,0.003220079443119625,0.2544733565345968,0
0.902671228418565,-0.2547356805324575,0.0006543777972632276,0
1.040824584947312,-0.01587753709129136,-0.09019295414963202,1
0.879798255744018,-0.28450811782936364,-0.2176202731549482,0
0.9481404933325815,-0.16932618293185273,-0.17184946964970935,0
0.9802341908004202,0.0028820700886289033,0.08730030027438043,1
0.6249158619991654,0.008663577784154324,-0.3164430493727591,0
0.8299873768599817,0.018759421620247477,0.46754588522200924,0
0.9440923991850088,0.10844782036154806,0.12103562356934741,1
0.8921822944420895,0.08291471210634696,-0.3072940578573164,0
1.0445994231574758,0.06483487687283229,0.2000825688048399,0
0.9250271341077547,-0.1395964221838903,0.036098652642895794,0
0.8240001724313162,0.0127380698000032,0.3815170785706733,0
0.8828572754800409,0.09517103474142195,-0.134116852741744,0
1.0369326668091967,0.048594098608816534,0.2832247308970775,1
0.978539440622754,-0.05155450393990474,-0.01723491070261468,0
1.0786208682140257,0.015668939904015536,0.5064494600970124,1
0.8946037542937746,0.22877914609561673,0.3265662329153443,0
1.1563916562820828,0.40982870741500993,-0.42421643490111244,0
1.1523901875742846,0.1308483239501434,0.42650084147658857,0
0.9789822775667187,0.21084203103910032,0.25651935531297543,0
1.0382668546954568,0.16898005549541226,0.094041726912767,0
0.906918981379486,0.24639949831590144,-0.3541075316446679,0
0.951976673407619,0.28050265363134713,0.07023786744904355,0
0.8882182436943676,0.4607830084253106,-0.3657562016206227,0
1.08756776836144,0.4994544622406128,0.2459716569499127,0
0.9607034960006089,0.20384970067391,0.08344157762959878,1
0.7595230794764161,0.22175053355733676,0.07943080734900104,0
0.7857435020918561,0.2661694162205024,-0.6109424287938129,0
1.0988030072376838,0.3406154166474188,0.13462602568509927,0
0.8360296363305237,0.434515865479445,-0.02384042631525351,1
1.0428613072396364,0.3687953245946453,-0.2261557929608306,0
0.9895498163881162,0.2376911386874487,0.5699536876556007,0
1.1025797841391256,0.10995825631556802,-0.046681383640826385,0
0.9366589442694743,0.4463747671624236,-0.3690987105468945,1
1.0151835356704901,0.423283153427876,0.03711436328379795,0
0.7879845660515953,0.2836935081473819,-0.281385540793981,0
1.0179638277836638,0.43971785838882027,-0.5076248201714274,0
1.1691079084945424,0.4008629085361021,-0.27073154123119475,0
0.9181400780696971,0.31605274667115013,-0.033175970314891154,1
0.8233723299111668,0.1979787063642132,-0.22454720731213065,0
0.9388720186809482,0.5040139510442806,0.07854997451800425,0
1.0394132522548725,0.3421155639780805,0.8061657544844337,0
0.8761172027391508,0.6007930868413421,0.31136644567776006,0
0.9231056376309448,0.48100903685164487,0.22490024380280818,0
0.786753378667713,0.5890636507666399,-0.11806841417075979,0
1.0589251263726742,0.5922169422732828,0.4939719353852899,1
0.9069256362597802,0.5296203914815152,0.1484464335071594,0
0.8041047888806193,0.608120939419482,-0.06700992007494196,1
0.8987509569264273,0.6236873007165642,-0.1404308160755745,1
0.80692691785668,0.4923034551857678,-0.2058605517107966,0
0.8349098041459225,0.4884958775595833,-0.6768398731792554,0
0.8724546950380574,0.5611345963258412,0.1540260085856012,0
0.8987817953975453,0.44625880891134884,-0.04342314604196571,0
0.8406981488552667,0.5833202510307224,0.033228515143007925,0
0.6526235204646818,0.6532220482541513,-0.07206599359321893,0
0.615953906003568,0.8013201984878331,-0.012755249304022293,0
0.96719519761368,0.5739823558365513,-0.048143454072322844,0
0.8077756974591781,0.5152464029267452,-0.04699528314383134,1
0.8018830208704826,0.5476514654505106,0.4500656868559371,0
0.7580241865324195,0.7556872203913869,0.4279899503808886,1
0.7028202577663798,0.5649403981984303,-0.2797351139867549,0
0.6527546957856252,0.7816639952020921,-0.32188392974552743,0
0.6587790635104447,0.6886621709690456,0.3149853512107626,0
0.6359939091467235,0.7064411655623,-0.3458476437826225,0
0.7575372160060464,0.7686967345269404,-0.2653410217056383,0
0.7007647543633106,0.49201593235770247,0.014863216738746314,0
0.49259483517557306,0.8210948224731075,-0.2311193589565973,0
0.6998479976037242,0.6091880850593687,0.5183611679065313,0
0.5036558974469476,0.5875825486991775,-0.25925454355946775,0
0.692908474140242,0.6951484478101112,-0.08713560461895671,0
0.6655684112534458,0.6896725218836162,0.3730372856080085,0
0.6100562042498,0.7506191319909916,-0.34103961706534114,1
0.4372826255865121,0.8217478484796114,0.10401225818027938,0
0.6615226837390153,0.7947058077510217,-0.19974967515312744,1
0.5217067092531689,0.7289933373777971,-0.5678679091147328,0
0.30744665882941724,0.8836789300323844,0.3226069597242695,0
0.38873159845878935,0.786277822780157,0.3134374726717131,0
0.4765007791837478,0.8146905268675424,-0.15045534896744908,0
0.2991441967820462,0.9052881030959624,0.18672570192480528,1
0.3223428321922701,0.7645774715728921,-0.0660099259546053,0
0.24547490305312733,1.0550760625438194,0.05659653247834376,1
0.3873424084159934,0.7899102348499459,-0.10030440262294459,0
0.32629422759030247,0.8940655354064728,-0.16519729779481657,0
0.2749711982751429,0.7643306201318453,-0.40091990014571427,0
0.50495145913717,0.8099152535559051,0.3487518905140489,0
0.20717502651606673,0.8057772291306454,-0.2922936182473238,1
0.12156170036687544,0.9083528219895252,0.3746656745110256,0
0.26359758141426826,0.9306512675508021,-0.11656546813947762,0
0.2653835696226086,0.8793666052358935,0.15600594985365177,0
0.06785064084211057,0.9572524172465736,-0.4090453726734293,0
0.2930899518600984,1.0282894002822411,-0.9423283162887837,0
0.15744174182196716,0.7639558825603097,0.06810429864460084,0
0.1181257785287721,0.7278906411353029,-0.32783070428221345,0
0.10198528503786258,0.8170265862876531,-0.11795282609030679,0
-0.003695053549388358,0.8221965520862274,-0.30845536764330744,0
0.2964192686152607,0.8870362959954654,0.247355770428965,0
0.13097181096413937,0.732917915888553,-0.4625222953936357,0
-0.06388593833507594,0.9897978397777389,-0.3296992772351277,0
-0.04637630673172335,0.9965744685048497,0.41532950922170436,1
0.11698564839237222,0.8880571782951929,0.28654733317184333,1
0.04245531622195009,0.7365576359849006,-0.11897145487855086,0
-0.08731346383019588,0.8672524638693222,-0.13750693265622393,0
-0.01510284649341697,0.8511267295745717,0.18739450480958816,0
-0.13371317500751853,0.9420215566902214,-0.8674005305614604,0
-0.07897576140266632,0.8871274548786359,-0.125494963239383,0
-0.05065336675974426,0.8283267407639149,-0.009115308687062798,0
-0.21755025542067946,0.8931205572362041,-0.418738023817701,0
-0.17872136789770718,0.8808501501423744,-0.40345348505816553,0
-0.22272015950383525,1.005238195618999,0.32676504310575083,1
-0.30755261024717206,1.1607794274786163,0.39148433542490274,1
-0.1894497706972766,1.2194531563102733,-0.5245008596641166,0
-0.2617825902878464,1.0412058150537393,0.15368402516335392,1
-0.43842720976214844,1.1268169696606518,0.5568508442164942,0
-0.30959730983482436,0.8952341054220605,0.09348287027609094,0
-0.2556764683222346,1.0455785691133228,-0.37510711017379056,0
-0.43408400717727885,1.1175661364163878,0.2846339608511695,1
-0.4485958732259875,1.0925375618757809,0.10360353428274238,0
-0.43490258299757695,0.999055659495844,0.012163023186577934,1
-0.3051294356453007,0.8690378311433037,0.060921255979345966,1
-0.5186723815594578,1.0841713651713867,-0.20420676376399255,1
-0.3213258511081303,1.0495890996727018,-0.18247802514675965,0
-0.3820244071983998,0.8303926994292863,0.8656354866988263,0
-0.41473947638702674,0.9832485864369777,0.4976730066558014,0
-0.5370168794340366,0.9291085193369776,-0.009471122643090286,1
-0.3643382826482671,0.9502206171062997,-0.13428808051592644,0
-0.5313553602345419,0.9746622162751799,-0.20664431250606566,0
-0.49920365544825,1.0230718403895442,-0.4676276251021799,0
-0.5346720974359507,0.9762679484348594,-0.1046644721627079,0
-0.6617360105805816,0.8632115722561169,-0.4760307505947279,0
-0.5471062184708957,0.7737568757827671,0.48245741312454843,0
-0.5203169304776694,1.1563734440103155,0.013268206900354807,0
-0.3924192977879686,1.1045459188829587,0.4013938220101729,0
-0.34145687672511965,0.7515808668218804,0.016603251220394466,0
-0.7099248091794311,0.8540218597703233,0.001608511730233892,0
-0.695445134886971,0.9529722165506085,0.26288618273554876,1
-0.45849080870547676,0.8448763705641744,-0.16137835866271438,0
-0.5935229496906387,0.9916197971279123,-0.17189490139939326,1
-0.6023591879177094,1.0205766551550148,0.299678601300904,0
-0.7541971202137516,0.9716067758930051,0.004248927203313168,0
-0.7055527420360879,1.0191893850474771,0.2530429377709528,0
-0.7806844706305376,0.9669190591533773,-0.123836617142085,0
-0.6556321721979391,0.8841574477383081,-0.19032787575755383,0
-0.929998886873774,0.9888170841121061,-0.09081001260223884,0
-0.7585741934547908,0.8845893734762225,0.5261107039775541,0
-0.7575840426839477,0.9368586080960956,0.09291333669594928,0
-0.7711271242100146,1.124069951365301,-0.06739742062762226,0
-0.7823713566048283,0.8508206443159225,0.1826348733916728,0
-0.8311326141815337,0.8374164148309863,-0.3494218398887959,0
-0.6486851679245478,1.1022654654078174,-0.22793438634335098,0
-0.7687075587494492,0.9742899648882419,-0.16659514747510226,1
-0.8565720956895756,0.9275060231827991,0.010865920793869633,0
-0.8860229608530841,0.7596550228438429,-0.6919888421875231,0
-0.8486267251423436,0.9468931688016294,0.10673796437072204,0
-0.8598895398244158,1.0134809689856092,0.44698867766394973,1
-0.9168683563827704,1.2034268061837496,-0.17100149631280873,0
-0.8686767835560133,0.9116786613837616,-0.19459716276178224,0
-0.8030293581407373,0.7582308103075204,0.0254294260440717,1
-1.003610249144268,0.867892795268449,0.09403904028310177,1
-0.9178919434963689,0.7793369981518711,0.41419049034270544,0
-0.8691580385644064,0.9491929325803381,0.5401300508863797,0
-1.0263630586730015,0.9244512724589177,-0.004466305946109932,0
-0.7836433126030202,0.8201204755813958,-0.1180908001839312,0
-0.8825580021809363,0.963525334760875,0.31837747097378327,0
-0.835705575680569,0.9222792891390906,0.38513538004535747,0
-1.1094129398509738,0.9442283061325976,0.42185814924597764,0
-0.9487728645328936,0.8817197320171466,0.08787529576675397,0
-1.0218348572271723,0.8578438802407206,0.01291837381905678,0
-0.9614318599840955,0.958294663773439,-0.06818426333404913,0
-1.1505318781754423,0.8625294925946876,0.14429112307384612,0
-0.8862457512043436,0.9297494908077326,0.1334513644259525,0
-0.9875842367048513,0.9658877783212684,-0.06742811990962083,1
-0.8703253454270974,0.8572280165296646,-0.12817727896916198,0
-0.7843591617211522,1.0336090880842577,0.09779413105747288,0
-1.0980248642122779,1.0793414720198076,0.5930800499850529,0
-1.0425761216603278,0.7044714374220473,0.4549021934097053,1
-0.9721145040526017,0.9160418669436202,-0.11354782585406038,0
-0.8798808280774709,0.7404282125077177,0.21280726609121683,0
-0.8818855743891273,0.9506148847958574,0.6338069056835353,0
-1.080932705045039,0.8323870284302707,-0.29584174844471567,0
-1.122385883479291,0.9872610909517394,-0.22873920055152033,0
-0.9481200959857828,0.8792269864061376,-0.18191111934348575,0
-0.9913929783721,0.7195827070297958,-0.3284768358991361,0
-1.0513684349604968,0.7639620078612819,-0.6075091458119711,0
-1.1488739216696706,0.6955475443604735,-0.06761602793259931,0
-1.049469163801773,0.7064512021232732,0.2571399201329274,0
-0.6421781118864035,0.7528294960200523,0.0011793738743436052,0
-1.2024569594231322,0.6930938577924353,-0.0171963116509228,0
-1.0782961877518422,0.6823575298986219,0.049821545140202296,0
-0.8492847307503825,0.47305800860924946,-0.026840935923058924,0
-0.9800535677704811,0.7393949573442177,-0.02632403219068166,0
-0.8822801361892638,0.8318205871466869,-0.09400368280241962,0
-0.8734262859914328,0.6941346545178552,0.19807260288537268,0
-1.0006783695853156,0.7324912735952853,0.4410747032475276,0
-0.9524333908057434,0.6280910597791811,0.2026510509290079,0
-1.0568227110949695,0.8842238586841064,0.06834465488910048,0
-1.0797486174217463,0.8879598140671959,-0.23243946912452298,0
-0.8501424752429458,0.6327034398387248,-0.3439313044465788,0
-0.6839958097202096,0.5764619420384545,0.339739526358733,1
-0.8640253106166682,0.6862115766289212,-0.3115180293662104,0
-0.9114088937115058,0.8484308954716002,0.2503117397104413,0
-0.9115881800212011,0.6404984984244982,-0.20121437599225148,1
-0.86570182054597,0.6439374104842763,0.47092178488308856,0
-1.0112822318882928,0.5816352443246697,-0.11594723416641133,0
-0.9096571166909625,0.5989999227944733,-0.2034071550154695,1
-0.915798041564501,0.70373803592893,-0.11192767270596245,0
-0.873431090108768,0.5252506936965807,0.1415352879279804,0
-0.8117572291218849,0.7088082503864661,-0.0026403755613533314,0
-0.7838425120023309,0.40953331027932793,-0.028737250119454733,0
-0.9312050501442114,0.5163121968782433,-0.47282030963516997,0
-0.8122519303222272,0.6265063893278385,-0.2805757627625237,0
-0.8808194617562285,0.5743841080804967,-0.08308522937433921,0
-0.8944589049692417,0.4044041885641013,-0.12442244504413263,0
-0.885730278251669,0.7277545588564338,0.015269082482734031,0
-0.8259802745505922,0.4647363404399185,0.4016754914868131,1
-0.888694922736864,0.3555807747509021,0.2521699469980475,0
-0.9246959731306625,0.5400918599689302,0.29322283100316404,0
-0.6066865727248074,0.450637005177233,-0.118856953911893,0
-0.7784377138582196,0.45058296173302037,0.12457637224566707,0
-0.6139185531948779,0.4705688148212628,-0.3645811260594876,0
-0.8211883637140082,0.6429781114185972,-0.032536399083718456,0
-0.6802443078909941,0.45642241117972543,-0.11236131589611445,0
-0.5150201124166602,0.4444860282086526,-0.7467696613485416,0
-0.7599996796161387,0.38102756394766824,-0.5058791734027761,0
-0.719714254987639,0.49322292323479355,-0.1614721857403003,1
-0.5188728084684224,0.511706449775123,-0.07355439426396397,0
-0.6132357489343702,0.6030233954772357,-0.42793318576636746,0
-0.5313160322514979,0.38424476084011366,-0.6747349341383649,0
-0.6851981074046917,0.3132480305598616,-0.1856887185126476,0
-0.5058479345711975,0.3579694974367728,0.2800058339918584,0
-0.47988710544868196,0.35077834132348806,0.17337628080074682,0
-0.4484346257773004,0.28373743925321665,0.28835671680799985,1
-0.2856313352507073,0.23344531290014792,0.13385037275762768,1
-0.5514642889615385,0.28035324392139316,-0.46444696008140746,0
-0.4201951788675056,0.4680874264331921,-0.15281979485850875,0
-0.5490280188210006,0.29441469906019185,0.2149993458750323,0
-0.529089708578126,0.32630924571660347,-0.378193050361188,0
-0.4542819142666598,0.2822234284932108,-0.57772020794448,0
-0.43832130211536613,0.2443669203463545,-0.3656612388264743,0
-0.44836925375631903,0.31646036912533687,-0.06921485189479222,1
-0.3320998091173517,0.1111515554433257,0.25021772481389104,0
-0.16732556792589526,0.2523678613371161,-0.28098592482907775,0
-0.25454234111978247,-0.0024199422260746395,-0.30377684781526143,0
-0.23018783206340565,0.17224220774887702,0.05543603189209536,0
-0.2069460113733036,0.1382991995895209,0.49152418657212665,0
-0.011101302746604758,0.18499327351514314,-0.19740804141660942,0
-0.17308482488260554,0.22540257919417184,-0.33410150170929515,0
-0.0914242377181254,0.07354789670437153,0.41474905862600964,0
-0.2043286780620773,0.10465279404899651,0.4464720352204757,0
-0.2617095713515721,0.19633343756123162,0.202605197027218,0
-0.042404399738357815,0.10619226431951762,-0.3081390849399001,0
-0.3073145259592557,0.15110777288849928,0.2157585704778683,0
-0.2466179077961289,-0.04047908792696253,0.786396807791352,0
-0.06356124738040664,0.1395727514629028,0.4824069978989567,1
-0.15163685615368033,0.06468502260820636,0.05678873878486657,0
-0.16903988168486678,-0.0700604480487269,0.12784187110135195,0
-0.138989840030591,-0.14515819979027939,0.26435138817431597,0
-0.15493513972721007,-0.03908797944099057,0.25253297123695584,0
0.013534466694129993,-0.0789902683545804,0.1907083445854288,0
-0.30208264434287346,-0.06599690243236556,-0.2952916928945307,1
0.026508464734521644,0.07648031634244357,-0.012082870818228175,0
0.12560433367339163,0.1406676457428134,-0.026417677393658134,0
0.0776272296722904,-0.04618139838954956,-0.07303319667413954,0
0.06919267603760658,-0.0904443556343876,0.09015178439403243,1
0.1740988170345052,0.0019927793582861925,0.5028033997649957,1
0.12706126354297292,-0.27402133312711374,0.60572704714939,0
0.09157847746280033,-0.19620777747800724,-0.014346229959822841,0
0.297614124410375,-0.110841433800581,-0.46637975133869547,1
0.2672006548566255,-0.10175363993021615,-0.34001666950045056,0
0.23988519615270681,-0.20453658113867917,0.04450694336113607,0
0.3215475477560084,-0.03991590547429957,-0.17203437379288777,0
0.24655585452458317,-0.20909277514922736,0.2050195997787023,1
0.2157130989694701,-0.2063475914335979,-0.3090065791278303,0
0.303455760648616,-0.1462541629581432,0.2107527928833364,0
0.38593094612800427,-0.39903725407224166,0.2713397233836342,1
0.4132070659217178,-0.15960343276778158,0.4328190380345806,1
0.47168090400472296,-0.18912811947330962,0.1657387231273267,0
0.2835335166291352,-0.4163531505751433,-0.41354975279262435,0
0.47604338762848136,-0.1406507941846497,-0.41783566448398685,1
0.24633038426103715,-0.24342654355015536,0.2210668050270584,0
0.32743502055793267,-0.2088170890867058,0.04026723279917273,0
0.4110743379962036,-0.14697353028915913,-0.08498513384323356,1
0.5792332757806672,-0.27017549168544475,-0.11764281381519268,1
0.30743981063030434,-0.17259012789085815,-0.032285897428030404,0
0.5095779426686268,-0.1824389601829772,-0.23263405886216396,0
0.3988326274019367,-0.1545777511419363,0.04241974691940141,0
0.6818711333270512,-0.32247161301837085,-0.6420812039389147,0
0.5443509380717334,-0.49763931182491467,0.5337000214321491,0
0.5422482029477558,-0.4012415027774992,0.2146269100161678,0
0.7792933430379363,-0.44102958736439357,0.03537435100107003,1
0.5757077671257502,-0.5033990353425364,-0.04707620191043988,0
0.8615627080914173,-0.32089994902225816,0.18868869027847873,0
0.5275493523948164,-0.49609287906562205,0.028763025184324508,1
0.7138446643109613,-0.31012129227862284,0.05709808350766235,1
0.5558536096136076,-0.5353931479962006,-0.07608406968383902,0
0.7480989340764042,-0.5769757221544635,-0.1872175602183388,0
0.6713945072195043,-0.3528846315087621,-0.32421631818851004,0
0.7340406048925787,-0.5641712822708604,-0.5041710691462264,0
0.8268433047190864,-0.374563055789079,0.4354141434941184,0
0.7791641033899543,-0.591815113468438,-0.01212095120543815,1
0.7939694622520452,-0.3263853009882002,-0.23155857385078632,0
0.6850804250855544,-0.6606082118899169,-0.6359158748283118,0
0.6641796324515099,-0.5552749448008495,0.24570829760444712,0
0.8199394687324264,-0.46567444933644975,0.5022474838924257,1
0.8652682575361492,-0.4572635814556875,-0.2125637522587779,0
0.7607001283287393,-0.43071248519592364,-0.6019821702035524,0
0.8229242240617579,-0.7009645024986573,-0.2945709599445925,0
0.8567377670164822,-0.7834122233466607,0.2951901912292377,0
0.7772077062802621,-0.44868856194002094,-0.08802626684030714,0
0.839706672639998,-0.5897540849720648,-0.1338608463280646,0
0.8798752661200617,-0.48821851402437166,0.31848449655798433,0
0.930123204667287,-0.4958768737290423,-0.5975009509484928,0
0.9351076845412561,-0.5215565489563219,0.23986044229700149,0
0.7123951564839628,-0.5781148842533769,-0.05584539976268064,0
1.0020118483249096,-0.6791179757871808,0.1379391029562369,0
0.9614599397886774,-0.5756195323284785,-0.05880531691361268,0
0.8730281540581956,-0.6806039968095899,-0.6278179386510321,1
1.089929853853936,-0.6126773145017392,-0.18652639862611475,0
0.9697559139049514,-0.7662251993341203,0.4176720403107797,0
0.9317745231822935,-0.7567695805947046,-0.0640503344781106,0
0.8305287833375485,-0.9402488020848971,-0.23109643766552895,0
0.8237479861597969,-0.7310892833335535,-0.2368125326888975,0
0.9392541161585674,-0.7114715657619212,0.6804516637828442,0
1.0036360711112717,-0.7017419130369552,0.2629437814040589,0
0.9535112728256567,-0.717549460934653,0.2541716764712523,0
1.0120882238319873,-0.6690156431171512,0.29365507108251554,0
0.8581730346367589,-0.8123527343220883,-0.577634559633374,0
1.114969131663574,-0.6075160978158602,-0.14608542864623064,0
0.9963773563041608,-0.8581165584509307,-0.2545580714082856,1
1.1110062018676337,-0.6727676839569354,-0.4060319060156052,0
0.8563573061476822,-0.7620337396696952,-0.3662406160481007,0
1.121577917334172,-0.7560717872502041,0.06847322731264237,0
1.07366298792525,-0.7951312958144648,0.018845767618983777,1
1.2105570343325014,-0.7324992647175589,0.31808337391327657,1
0.9021182479279547,-0.6490999015960098,0.016075344564231563,0
1.0477472201797275,-0.8510963580655572,-0.12017101981893974,0
0.9782204977367608,-0.8274627253265551,-0.1875766847283507,0
0.8206020732638656,-0.7965417862344915,0.08473725543231715,0
0.9532159605007562,-0.8112341876889877,-0.5992674891068904,0
0.8589698567874214,-0.8205553553329822,-0.03787679624650103,0
1.0770206020172686,-0.9408283776852524,0.47176977077867877,1
1.1451785994193022,-0.8549601432301576,0.3638706137672284,1
1.0213141867542264,-0.9320725045765005,0.05702329311721565,0
0.9042050717191618,-1.035170328731433,-0.5228479893982911,1
0.9532105860404143,-0.8999276916843482,0.18397822597650398,1
0.8992225931773808,-0.6876874200598262,0.14084520206891438,0
1.1047197609724657,-0.9741815836425436,-0.14487986618062432,1
1.1679394950557787,-1.0187947372596555,0.2814095949245563,0
1.1947814071286094,-0.9146510745451917,-0.5510825207323145,1
1.269858725329852,-0.8135338230827638,0.3571935383929033,0
0.860929040169814,-0.8733451987543559,0.08883754722656516,1
0.8506570536732936,-0.8891835870997122,0.08492331430628977,0
0.925187106199855,-1.0993935569034494,0.2159023368175951,0
1.0532376621025152,-0.8254593505931539,-0.19818433361705487,0
0.9402623385403487,-1.0196793178038988,-0.1847601942491357,0
0.8289746916394887,-0.9313913987976956,-0.31756490877802296,0
0.8817901562510143,-0.9102923955321514,0.038945250435097306,0
0.7949368197983641,-0.9664092730095889,-0.17865802605043904,0
0.8823155689782964,-0.9873431187287206,-0.2707838727759563,0
0.813520866586825,-1.0004081678578807,-0.47577160696635157,0
1.1599471745517227,-0.8322266859315799,0.11998517207290564,0
0.8258691731394368,-0.9134347584811349,0.7488487215800875,0
0.8693958018282675,-0.8108670402848405,-0.34576211890968783,0
0.7347953340939695,-1.044701982001941,-0.14713547337964866,0
0.8374240209902185,-1.0138798818620234,-0.26267530549334095,0
0.7477511537300995,-0.792466899405882,-0.2667521699942624,0
0.752678994669566,-1.0476038740659634,0.5305080246872039,0
0.8371314169664987,-1.0826889218063225,0.22857861115091654,0
0.7444398648229507,-0.9243500340956431,0.5851641814866416,0
0.8883021125720882,-0.9572950438609689,-0.37524765138012306,0
0.809685811623276,-0.8669354520620721,-0.22367880693454675,0
0.8320436387091013,-0.9229757847828614,0.3063824063310825,1
0.7258392406894324,-1.0276979158445565,-0.5957228115406447,0
0.7380337147997308,-1.0262899003604855,-0.5486605122518661,0
0.5641081140113066,-1.2034277758147895,0.4037837413670182,0
0.7641198769132782,-1.161717069965561,-0.12606786628752878,1
0.6603662855371787,-1.2276760848572916,-0.3167719304768616,1
0.7557597892718652,-0.9075602558607825,0.022670308497384405,1
1.0234101281325205,-1.122991726008487,0.467715820420316,0
0.8499958175629398,-1.1070466609979388,0.3526866495248992,0
0.666890449916407,-0.9527477421870253,-0.3597678816076861,1
0.5895892316513622,-0.8480702382750264,0.2326773039575733,0
0.6747912946885558,-1.110065101850931,0.3737263819725362,0
0.7322555810390382,-0.8983562825494915,-0.19091347332539685,0
0.3645603875834492,-0.8137563802394032,0.18550533780408915,0
0.4423416398975204,-0.9523383993956969,0.18262492739080685,0
0.417943231668541,-1.1363302622983362,0.2540324576304094,0
0.5701417150722418,-0.9760991738549647,0.4181365337668164,0
0.37290014532140175,-1.0366901164950193,-0.2677210266724204,1
0.5456140765814914,-0.9897711184011909,-0.09126268704446688,0
0.5124291538878705,-1.1744278103399999,0.060167493092115,1
0.415148797337254,-0.8628974315101017,0.20470944098052696,0
0.21989633137342246,-1.085968380174088,0.10237532137974052,0
0.43076229282121525,-1.1202536823259117,-0.04201286292679176,0
0.36115484361640154,-0.909871004420519,0.15584268624685851,0
0.35374439228120463,-1.0456259634614524,-0.12169536924933394,1
0.44739083788539824,-0.97652283621009,0.05904949918129205,0
0.18570590881491156,-1.210718891817674,0.5395071411786114,0
0.24343827549696886,-1.0191107151910597,0.026415394862010073,0
0.2844776163309031,-1.0024790347577615,0.029035557061675057,0
0.39075120646266565,-0.8281485674942998,0.08132646845074083,0
0.21129953580283628,-1.0699792228512912,0.043499371042472514,0
0.2972348100752945,-0.8493918511821708,0.45750414221985686,0
0.34650346104458973,-0.8577201427711536,-0.16107182883408652,0
0.350532223827333,-0.9681636945063468,-0.22557908053767825,0
0.3520135806580811,-0.8475675107969645,0.5006933529378708,1
0.08231320787520739,-1.0051150733982435,-0.5479871734351601,0
0.10459360488845462,-0.9116939519823285,-0.47754596021884643,1
0.04050378128023663,-0.799831838333573,0.20383317770527545,0
0.03569353833016797,-0.9416483346572873,-0.24719066509825244,0
0.24070940896581372,-0.8823388125489429,0.2996911723835546,0
0.11490209061347562,-0.8817245867816094,0.26539966115244534,0
0.03331949822561089,-0.92179346038059,-0.23080159205518935,0
-0.08021982940119773,-0.9393516904315524,0.2606926190749553,0
-0.07419864198295086,-1.106476891614256,-0.3264029038587356,0
-0.1775723707341719,-0.8789645102384945,-0.02946995419904913,0
-0.11699481229396134,-0.8596596321397811,0.1816441337338921,0
-0.08199076186290703,-1.004155964316065,0.07424800603212461,0
0.06942536781982467,-0.8525783546790646,0.09587014998675145,0
-0.022926501574952435,-1.0767624141102359,0.18754537199322532,0
-0.35531830791230995,-0.8074463888964624,-0.6350164873027144,0
-0.06342408066372239,-0.907818998296809,-0.06279507807052676,1
-0.08029942002709556,-0.8083843412399498,0.08564045123337757,1
-0.23113358258238043,-0.8789702919040687,-0.38831090410985136,0
-0.2471207036756024,-0.7019781353768169,-0.07205618801173247,1
-0.1367685281506143,-0.8584111979979004,0.3552580745381895,0
-0.2040008429175155,-0.7506236223003279,-0.2582476907958463,0
-0.19329468688201407,-0.850805326121823,0.27925238494552124,0
-0.18565168014588834,-0.7694917581510947,-0.00972183686846732,0
-0.470820194356514,-0.8582817636962256,-0.13381375289985545,0
-0.3890739643222551,-0.875048455061135,-0.16115935712230064,0
-0.43588869322832036,-0.6699184612982432,-0.02612228812184038,1
-0.29521509002800694,-0.842990428634263,-0.1147531923092898,0
-0.35591471060640495,-0.843797432612152,0.26799478876896443,1
-0.4905010750352771,-0.8304821063930028,0.3403553274938932,1
-0.47138283502921086,-0.8888539710197181,-0.7344084306921067,1
-0.37352881604295296,-0.9498858483270777,-0.5733585227184761,0
-0.25028564205864273,-0.7722603368725145,-0.35306573539508884,1
-0.32097223795564667,-0.6769657878456297,-0.48545231311231385,0
-0.4991696343923483,-0.7962490514313749,-0.38875302699369796,0
-0.49842908380454515,-0.5922162990413842,0.00652047437557774,1
-0.7272173045225548,-0.6018835489038222,0.10153476007867528,0
-0.3490039891912111,-0.710532679270485,-0.07955877542811514,0
-0.5469325157445294,-0.7517211362294904,-0.2767020878008011,0
-0.5574678079893745,-0.7418811677864161,-0.12761204458291053,0
-0.5804650050092571,-0.784241661059255,0.11824458963045846,0
-0.766280421868037,-0.7505366577798172,-0.013158380075510187,0
-0.5277080253408069,-0.6752985976407597,0.3490099666113187,0
-0.5137141591343752,-0.7905078811120599,0.044922950543372565,0
-0.6800815545479999,-0.7643137690698336,0.061002910491505774,1
-0.5340137688470822,-0.5941587145948158,0.06258421110249794,0
-0.633691774884296,-0.7594922478508205,-0.6237359058553748,0
-0.7745436264164642,-0.6972614542705964,-0.12282183522807733,0
-0.6603160677047492,-0.5312534118061328,0.09387942966990274,0
-0.9117409048877958,-0.6241541226898856,-0.3869529006139474,0
-0.6673040896097817,-0.8081851758896136,0.09642406350281502,0
-0.575540924603865,-0.3384176694838206,-0.0764970325868156,0
-0.7434081346361987,-0.7739029596814258,0.5170096531640607,0
-0.7857322750185567,-0.45685752553696235,0.678189400559369,0
-0.8638048983531421,-0.5385593409439001,0.07271068735715966,0
-0.8333808325672385,-0.41522828919182597,-0.2867572241569084,0
-0.6070881754545452,-0.40381716418654673,0.5348753275973008,0
-0.7789392818441963,-0.5852263473191319,-0.2387330672643719,0
-0.7577222026784545,-0.5401074188450771,0.16573928791457088,0
-0.839634593965276,-0.7266076317792629,-0.25838422618396373,0
-0.8269520525498814,-0.6171693411463253,-0.11785899740214045,1
-0.900224636195254,-0.664400973757272,-0.4323931746538512,0
-0.855175445871447,-0.6860524962043889,0.4705082834111284,0
-0.7682788546906848,-0.5007240059861608,0.3776329881411576,0
-0.9700721041356679,-0.45493402951885803,0.01700295594543362,0
-1.0252483719745407,-0.41793635661518613,-0.42106197771799403,1
-0.9154136905222982,-0.35857926287647335,-0.006436863082424773,0
-0.990829448747901,-0.6556940132202985,-0.1707767400664484,1
-0.8486570524640281,-0.4852476803913488,0.4476342353493994,0
-0.8793359194730908,-0.3203961301204804,-0.2896947695971112,0
-0.7849978486649621,-0.4772635690231645,-0.12544439819833547,1
-0.928785508772371,-0.46795437997737976,0.012913552497099414,0
-0.8137366762214517,-0.4990529911896185,-0.11705224210907245,1
-1.016413392924726,-0.47643450783908625,0.11599387156986794,0
-0.8557447718573091,-0.39850420899694,-0.21192204966990397,1
-0.9279195306214383,-0.3535661711880216,-0.5987935715165367,1
-1.1043712550416178,-0.43275673562088635,-0.016689580356722702,0
-1.003691423145377,-0.29585117791499443,-0.20142937700372077,0
-0.8184324557027121,-0.48574489601570914,0.06648526299815402,0
-0.9882794995692536,-0.2851811267843444,0.63644828150983,0
-1.1127776972233026,-0.36192756723366315,-0.04385055580763678,0
-0.891220723144099,-0.2296203006016955,-0.16847006682310664,0
-0.9586527342816304,-0.143991341966964,0.13152613546453001,0
-0.8395296668259937,-0.41942855910496535,-0.04087236746089163,0
-0.9671215028143704,-0.2798661159453789,0.4174982140651987,0
-0.9777935731280331,-0.23290972947035374,-0.14829908023051377,1
-0.8153699195624116,-0.4470979080606221,0.23103840633390008,0
-0.999041967419588,-0.1443335961995015,0.1536725455463691,0
-0.9532460794469185,-0.15603272860064737,0.01255744476198171,0
-0.9539921787205242,-0.29771424131030894,0.2432481450258403,1
-1.0484589218308624,-0.0358080764341801,-0.345260929660133,1
-0.9933968990670432,-0.1493549426721071,-0.027052945480679578,0
-0.9829420980275679,-0.09121053783152017,0.23434153075537872,1
-1.0320500900491287,-0.18446698989845653,0.005922865783746554,0
-0.9330710532585663,-0.13336552112608469,0.6890965160156726,0
-0.9326521980381319,-0.028045878056185858,-0.24072649433996474,0
-0.9647890886537025,-0.1248899847156249,-0.011147492374233622,0
-1.0366176337871662,-0.009074711870366126,0.21786928538666875,0
-1.0605484742800617,-0.12733335954532454,0.18593644617509483,0
-0.7922839199881426,-0.13487184260985063,0.07887384728155247,1
-0.9963726370270595,-0.07997606236009486,-0.06420462200779088,0
-1.0311501995260262,-0.10651718029550228,0.18275497391188325,0
-0.8463344698526817,-0.031248131619311344,-0.37590952882728856,0
-0.8648268984217109,0.022248200853221236,0.05394312499159338,0
-0.9576984155295675,-0.013261365528678067,-0.011225183075875252,0
-0.8898505754282323,0.08250489793982661,0.020339157821868667,0
-1.0720475056914047,0.08395724552522998,0.3376422729085598,0
-0.9105655236067479,0.09886816825569175,0.20949655276137788,0
-0.99161449098217,0.0617647872458159,0.05300872261844575,0
-0.7550460674411524,0.06636022775261023,0.15885383343767132,0
-1.1411218622477002,0.07221717104634688,-0.059395786019055,0
-1.0407179094203374,0.2502346776484888,-0.12429957925059965,0
-0.9418413550619099,-0.056724158647010484,-0.49680665196333607,0
-0.9265550472223167,0.17636125471713332,0.019993351299500004,0
-0.8578720910101151,0.13153255677985962,0.3098313634164676,1
-0.7907199426199254,0.025717613812157827,-0.47873231235277575,0
-0.9449312406022516,0.05912499346288515,-0.17564875885021067,0
-0.7543752388042411,0.12762344368405512,0.40184348939117576,0
-0.7342262796672825,0.12630586016485995,0.1435555849583608,1
-0.7728139948548884,0.15445042521001556,0.029311964149209002,0
-0.8636103004436962,0.26923750675747393,0.17776767985570016,0
-0.610781236403737,0.27953255328849186,-0.006885296644642299,1
-0.70899851570823,0.33426094579088605,0.10181063508388254,1
-0.8185730867276875,0.23063047649599142,-0.16149725279911448,0
-0.6993934955372476,0.25631054420088895,0.5307961548131321,0
-0.7497420391069837,0.2670398399640629,0.28032235361535734,0
-0.923766471336538,0.19982383292157319,-0.04724335213277217,0
-0.6679386493951345,0.22310623427795057,0.08229581621916773,0
-0.7051872434768266,0.18830291423349316,0.024971569305699548,0
-0.6875431822202316,0.4701046836072471,0.42116586533891104,1
-0.7303262308126849,0.31868862148868693,0.4996180962097127,1
-0.5424877711683087,0.351782255924547,0.14149690151176492,0
-0.6882783108253632,0.24568699272004002,0.12467188581448825,0
-0.5469722248609499,0.47590964864254076,-0.060084132051952024,1
-0.6095963317308639,0.3441123328591048,0.3402512971080822,0
-0.5500963828735901,0.36085923111826096,-0.31773886286223857,1
-0.4104809784519806,0.30147017679274046,0.025711002054666348,0
-0.6511103620464934,0.4271830981791883,-0.04539120759864165,1
-0.3820901869524559,0.3911551492370602,0.2803191970070706,0
-0.5734332497439998,0.3166032390516652,-0.18412703759402546,0
-0.4676575860145806,0.34541494695643804,0.05446327055995393,1
-0.3291438115904154,0.29889420461042626,-0.366167443678843,0
-0.525652540819023,0.4925439071215501,-0.14177615612882294,1
-0.4331999530882602,0.5224145876510342,-0.272788446384225,0
-0.2885580439563019,0.5679277589926623,0.19888120979043103,0
-0.34914440019605814,0.3737596775310483,-0.3145040804308566,0
-0.5390388608397103,0.5833739459182686,0.460893673294201,1
-0.4738342406449592,0.5759011746668017,-0.26116043434282943,0
-0.46317403366231286,0.4809461538680717,-0.07044218760290029,0
-0.31266096258088294,0.41842307199470724,0.30147373171864367,1
-0.33817534056406096,0.7041287330491937,-0.016915505094042275,0
-0.2052007514117194,0.5104018724661677,0.27827262397302005,0
-0.19255037152758048,0.5342103204117477,0.11483696236293764,0
-0.25817736640497413,0.6518609822253282,0.43695023191756405,0
-0.28486394682563276,0.7660489520791439,0.4411288444443675,1
-0.30902049987127256,0.6734672744641959,-0.49474706642401045,0
-0.25917609339662623,0.8034254304195922,0.31908724502602165,0
-0.2840099427268386,0.6896953517883215,-0.37898314989422816,0
-0.046077528315745214,0.6403613042744849,-0.03664590570884613,0
-0.07996000643431982,0.5513843678347902,-0.07844375758359347,0
-0.21703708811576602,0.7755615069842181,0.48628023836158746,0
-0.15738184435158112,0.6894870410615517,-0.24359944777111636,1
-0.1731377812301832,0.7360043213312828,0.28363657349144655,0
-0.15800491461813534,0.6011999851436977,-0.18061269889827866,0
-0.029100394459743266,0.7641368205242121,0.035804728373680594,0
-0.08099671601345741,0.7900836211671314,0.27611337518292733,0
0.012800431099410163,0.7814505455079734,0.3712025702597022,0
-0.06604048770453057,0.5004027384369505,-0.13329784371915168,0
0.16125796423674396,0.8354523201811817,-0.028298947565159258,0
0.13804407575873412,0.5513906258830729,-0.49468169672883283,0
-0.0021424990795275156,0.7571745055407091,0.1885150480018468,0
0.20183469369821855,0.7977126043275603,0.0474111285419009,0
0.19646034433022802,0.7648247615587103,-0.21177066369955053,0
0.3316303196412942,0.8045645978394989,0.506775358442137,0
0.15243615457300325,0.7704945576695894,0.08213043677087523,0
0.29372986583117866,0.7797416442047924,-0.09811259183989299,0
0.1323604667818529,0.744065138802246,0.13313669759947996,0
0.2939147266843639,0.7331981802942127,0.10140846449704023,0
0.026320757884989637,0.8870346928151515,0.29490415494850764,0
0.31595740934251537,0.7646318355256048,-0.5013394554297174,0
0.27678254375051553,0.8752916981394543,-0.43523421570234794,0
0.32508134087907864,0.7835464941308206,-0.4797455495294105,1
0.20542095025018556,0.9237835782508048,-0.3366697652460197,0
0.3917071839818759,0.8076265363209885,-0.15480125655814334,0
0.451875093578702,0.9253973181433195,-0.06239044509676977,1
0.32227540050085457,0.7227644698846125,-0.15128882896472376,0
0.34243840005875514,0.8539722130912382,0.2379667567385377,0
0.4295676113732465,0.8004866562582158,-0.04132403169128129,0
0.4881472174888315,0.7434858983531701,0.23128140458528265,0
0.37047300864297367,0.8721848503545702,0.5495879838635254,0
0.3703978772826833,0.8309759869520583,-0.46865516862088935,0
0.387367088614516,0.9979790496372922,0.1885586664263709,0
0.19798194170153088,0.8290840064973034,0.7090359631751245,0
0.4088168707886296,0.8534094920519888,-0.08821093682200135,0
0.6295596432987671,0.9753073789881266,-0.039943826462054056,0
0.3981545641799592,0.9678991317099966,-0.23954490862725678,1
0.47949337604902054,0.816640079179994,-0.0032229317792442694,0
0.6762374830024133,0.8370275814361585,0.347838582344082,0
0.623141659289122,0.8043951202547843,0.4947124642036211,1
0.630304806384941,0.9180187975103321,0.11726356995866824,0
0.6261739870362601,0.864050703793818,-0.27139239380074415,0
0.6742937659664151,1.0168807313243688,-0.41617805714221584,0
0.6137409897148,0.9050958812777484,-0.47651062857278303,0
0.8775425185857573,0.8965295876036496,-0.43073097938863397,0
0.7668140126305424,0.9458081785723585,-0.08511277237407038,0
0.7957585373064389,1.0738916294751657,0.10682806752590168,0
0.9302452744638519,1.075966118929431,0.3603134423633061,1
0.48505588576003356,1.0048290375394522,-0.004679466652765217,0
0.7757414897674212,1.02193279486556,-0.12148409488853398,0
0.7623146432710695,0.9953326141536732,-0.25574197700049756,0
0.7951467234628669,0.831423052993853,0.07278155408880746,0
0.6861606616460363,1.0073255798729428,0.38385836876848883,0
0.825520948199087,0.8410644555305931,0.04141447248583272,1
0.884933717658344,0.989902078980314,-0.05106812776376442,0
0.7152183531533843,0.8931344540315673,-0.04940693310468227,1
0.5902620355329427,1.1741823089158083,0.306314001789166,0
0.9311134109008585,0.8922756689216753,0.13142646062028218,0
0.877113487426756,0.9992499214876076,0.40417575498154457,0
0.9251940754595901,0.934596272356259,0.10871945240310067,0
0.872909353481355,1.0791879933763806,-0.5301859007593446,0
0.6774690586138897,0.8950474249780221,-0.31508138656623624,0
1.031574598614304,0.8811775259547279,0.03462115807952649,0
1.0270615866109196,0.9871108848861297,-0.257991128610582,0
0.7886710856857644,1.0484769970173262,-0.22376018382240542,0
